feature,importance
cloud_cover,0.5707240219080394
solar_altitude,0.26779995009950497
weather,0.11223317795767172
outdoor_lux,0.023523243744687068
precipitation,0.02011727068744835
humidity,0.003054559506954481
temperature,0.002012700236332616
hour,0.0005350758593614743
