component,explained_variance_ratio,cumulative_variance_ratio
1,0.718073817563617,0.718073817563617
2,0.23510300610989607,0.9531768236735131
3,0.011323724456695173,0.9645005481302082
4,0.0028968391663629495,0.9673973872965712
5,0.0023608084022509732,0.9697581956988222
