feature,importance
outdoor_lux,0.9656483457395575
hour,0.012197122275595374
humidity,0.008076460354292865
temperature,0.007342530979048272
solar_altitude,0.004941290241432005
weather,0.0008819961389041154
cloud_cover,0.0007407566088313081
precipitation,0.00017149766233856494
