feature,importance
outdoor_lux,0.5423081158155939
cloud_cover,0.08613985958441481
solar_azimuth,0.06102634108902176
weather,0.05670281671635444
solar_altitude,0.048230065081084496
hour,0.044855182489726364
month,0.04482630668866623
sky_condition,0.03443544549756257
temperature,0.03416266289251289
humidity,0.03284898086596973
location_code,0.009947419931073398
precipitation,0.004516803348019372
