model,MAE,RMSE,R2
Random Forest,0.002801,0.005812,0.999721
KNN Regression,0.003044,0.007621,0.999547
Decision Tree,0.003228,0.011362,0.998872
Linear Regression,0.03713,0.045748,0.984109
