model,MAE,RMSE,R2
Random Forest,0.002795,0.005759,0.999727
KNN Regression,0.003044,0.007621,0.999547
Decision Tree,0.003291,0.011678,0.9988
Linear Regression,0.03713,0.045748,0.984109
