model,MAE,RMSE,R2,train_time_s,predict_time_s
Random Forest,0.005059,0.008633,0.959311,0.383,0.0366
KNN,0.005017,0.008985,0.954194,0.006,0.0317
MLP,0.005816,0.009481,0.962482,0.863,0.0026
Decision Tree,0.005366,0.012354,0.87021,0.016,0.0023
Linear Regression,0.022545,0.03755,0.635306,0.01,0.0034
