component,explained_variance_ratio,cumulative_variance_ratio
1,0.9985858080954705,0.9985858080954705
2,0.001041921409407075,0.9996277295048775
3,0.00019218315547502165,0.9998199126603525
4,0.00012372439846611963,0.9999436370588186
5,3.202843358047153e-05,0.9999756654923991
